adrian,bueno,a@b.c,6798584,26/06/1989
Einar,Wehner,franz.ullrich@waters.co,(881) 453-2418 x366,2017-04-19
Raheem,Crooks,ramona.pfannerstill@ziemesmith.net,661-459-3751 x9871,2017-01-03
Janiya,Runte,freddie@friesen.net,1-702-287-4835,2017-05-07
Roosevelt,Kris,mara.lind@weinat.info,(867) 951-3597 x5051,2016-08-02
Owen,Schmitt,tyrique@keeblerspinka.name,794-480-7495,2016-10-19
Antonietta,Orn,ernestine@sanfordeffertz.co,(969) 447-2624 x06616,2017-03-05
Eudora,Gibson,toy.frami@hagenes.name,364-562-8038 x7683,2017-04-14
Giuseppe,Kunde,floyd@osinski.co,1-492-267-2793,2017-06-20
Leanne,Bode,rosemary_feil@greenholtsmith.info,557-016-6385 x61087,2017-07-31
Willy,Rutherford,turner.walker@hickle.info,1-811-308-4084,2016-08-04
Melba,Paucek,pedro_heaney@kautzer.co,(361) 686-7702 x81713,2017-04-29
Baron,Bode,donavon@roob.biz,(138) 815-3676,2017-04-28
Wallace,Kris,vince.adams@johnson.io,(964) 009-2252,2016-11-12
Letha,Adams,raymundo@bernier.org,(159) 573-6758 x9234,2017-03-11
